<?xml version="1.0" encoding="UTF-8"?>
<project-private xmlns="http://www.netbeans.org/ns/project-private/1">
    <editor-bookmarks xmlns="http://www.netbeans.org/ns/editor-bookmarks/2" lastBookmarkId="0"/>
    <open-files xmlns="http://www.netbeans.org/ns/projectui-open-files/2">
        <group>
            <file>file:/C:/Users/Zain%20Azeem/Documents/NetBeansProjects/bank_management_system/src/bank_management_system/BalanceEnquiry.java</file>
            <file>file:/C:/Users/Zain%20Azeem/Documents/NetBeansProjects/bank_management_system/src/bank_management_system/Conn.java</file>
            <file>file:/C:/Users/Zain%20Azeem/Documents/NetBeansProjects/bank_management_system/src/bank_management_system/SignupTwo.java</file>
            <file>file:/C:/Users/Zain%20Azeem/Documents/NetBeansProjects/bank_management_system/src/bank_management_system/SignupThree.java</file>
            <file>file:/C:/Users/Zain%20Azeem/Documents/NetBeansProjects/bank_management_system/src/bank_management_system/Transaction.java</file>
            <file>file:/C:/Users/Zain%20Azeem/Documents/NetBeansProjects/bank_management_system/src/bank_management_system/MiniStatement.java</file>
            <file>file:/C:/Users/Zain%20Azeem/Documents/NetBeansProjects/bank_management_system/src/bank_management_system/SignupOne.java</file>
            <file>file:/C:/Users/Zain%20Azeem/Documents/NetBeansProjects/bank_management_system/src/bank_management_system/Login.java</file>
            <file>file:/C:/Users/Zain%20Azeem/Documents/NetBeansProjects/bank_management_system/src/bank_management_system/fastcash.java</file>
            <file>file:/C:/Users/Zain%20Azeem/Documents/NetBeansProjects/bank_management_system/src/bank_management_system/pinchange.java</file>
        </group>
    </open-files>
</project-private>
